/*
SQLyog Ultimate v9.20 
MySQL - 5.1.73-community : Database - cdshop
*********************************************************************
*/

/*!40101 SET NAMES utf8 */;

/*!40101 SET SQL_MODE=''*/;

/*!40014 SET @OLD_UNIQUE_CHECKS=@@UNIQUE_CHECKS, UNIQUE_CHECKS=0 */;
/*!40014 SET @OLD_FOREIGN_KEY_CHECKS=@@FOREIGN_KEY_CHECKS, FOREIGN_KEY_CHECKS=0 */;
/*!40101 SET @OLD_SQL_MODE=@@SQL_MODE, SQL_MODE='NO_AUTO_VALUE_ON_ZERO' */;
/*!40111 SET @OLD_SQL_NOTES=@@SQL_NOTES, SQL_NOTES=0 */;
CREATE DATABASE /*!32312 IF NOT EXISTS*/`cdshop` /*!40100 DEFAULT CHARACTER SET utf8 COLLATE utf8_bin */;

USE `cdshop`;

/*Table structure for table `t_cartcd` */

DROP TABLE IF EXISTS `t_cartcd`;

CREATE TABLE `t_cartcd` (
  `id` int(11) NOT NULL AUTO_INCREMENT,
  `number` int(11) NOT NULL,
  `sum` float NOT NULL,
  `cdId` int(11) DEFAULT NULL,
  `orderId` int(11) DEFAULT NULL,
  PRIMARY KEY (`id`),
  KEY `FK61F48DCCE1965369` (`cdId`),
  KEY `FK61F48DCC67AFDAEB` (`orderId`)
) ENGINE=MyISAM AUTO_INCREMENT=12 DEFAULT CHARSET=utf8 COLLATE=utf8_bin;

/*Data for the table `t_cartcd` */

insert  into `t_cartcd`(`id`,`number`,`sum`,`cdId`,`orderId`) values (1,1,170,1,1),(2,2,160,62,1),(3,1,70,18,2),(4,1,80,62,2),(5,4,280,61,2),(6,1,68.6,3,3),(7,1,170,1,3),(8,1,84.5,77,3),(9,1,54.3,5,3),(10,1,50,51,3),(11,1,68.6,3,4);

/*Table structure for table `t_cd` */

DROP TABLE IF EXISTS `t_cd`;

CREATE TABLE `t_cd` (
  `id` int(11) NOT NULL AUTO_INCREMENT,
  `author` varchar(255) COLLATE utf8_bin DEFAULT NULL,
  `category` int(11) NOT NULL,
  `date` datetime DEFAULT NULL,
  `genre` int(11) NOT NULL,
  `href` varchar(255) COLLATE utf8_bin DEFAULT NULL,
  `imgs` varchar(255) COLLATE utf8_bin DEFAULT NULL,
  `intro` text CHARACTER SET utf8,
  `name` varchar(255) COLLATE utf8_bin DEFAULT NULL,
  `price` float NOT NULL,
  `num` int(11) DEFAULT '100',
  PRIMARY KEY (`id`)
) ENGINE=InnoDB AUTO_INCREMENT=103 DEFAULT CHARSET=utf8 COLLATE=utf8_bin;

/*Data for the table `t_cd` */

insert  into `t_cd`(`id`,`author`,`category`,`date`,`genre`,`href`,`imgs`,`intro`,`name`,`price`,`num`) values (1,'Adele',8,'2008-01-28 00:00:00',4,'mp3/Adele - Make You Feel My Love (Live At Hotel Cafe).mp3','img/19.jpg,img/19_small001.jpg,img/19_big001.jpg,img/19_small002.jpg,img/19_big002.jpg,img/19_small003.jpg,img/19_big003.jpg','不论中外，吉他唱作人路线有如历久不衰依然受尽青睐，近年他方的英国陆续有不少新鲜上阵的唱作型女歌手，今次有被誉为“新Amy Winehouse”的Adele。\r\n年仅19岁的Adele生於英国Tottenham，自幼受爵士乐薰陶，如Ella Fitzgerald和Etta Jame都是她陪伴她成长的“音乐老师”。早于14岁已开始作曲，及后毕业于著名表演艺术学府BRIT School，亦即于Kate Nash、Amy Winehouse和Katie Melua等人份属校友。毕业后曾跟随不少音乐人作巡演乐手，如Jamie T、Amos Lee和Keren Ann等。','19',170,98),(2,'凯伦安',8,'2013-04-15 00:00:00',4,'mp3/Keren Ann - Run With You.mp3','img/101.jpg,img/101_small001.jpg,img/101_big001.jpg,img/101_small002.jpg,img/101_big002.jpg,img/101_small003.jpg,img/101_big003.jpg','独特的成长背景，提供「凯伦安Keren Ann」丰富的创作养份，她的母亲同时具有荷兰与印度尼西亚血统，她的父亲则是俄裔以色列人。自小她便有机会接触各种不同文化，并陆续学过吉他、口琴与单簧管等多项乐器。她不仅是歌手，更身兼词曲创作人、编曲家与制作人等多重身份，法国巴黎、美国纽约与以色列特拉维夫等城市皆有她生活工作的足迹。凯伦安慵懒性感的嗓音，突破了语言的隔阂，作品曾先后获得Henri Salvador、Jane Birkin、Francoise Hardy、Rosa Passos、Jacky Terasson、Emmanuelle Seigner与Benjamin Biolay等巨星青睐演唱','101',112,100),(3,'田馥甄',4,'2010-01-03 00:00:00',1,'mp3/jimojimojiuhao.mp3','img/tohebe.jpg,img/tohebe_small001.jpg,img/tohebe_big001.jpg,img/tohebe_small002.jpg,img/tohebe_big002.jpg,img/tohebe_small003.jpg,img/tohebe_big003.jpg','一个女孩爱唱歌，一首关于爱的歌——八月初一支神秘女声音乐短片轰动全网络世界，空灵美声引来百万点击率疯狂转贴讨论，田馥甄首波主打《Love！》甫现声立即造成旋风，歌迷、媒体一致叫好迫不及待就等这一张。','To Hebe',68.6,19),(4,'Tamas Wells',9,'2006-09-02 00:00:00',5,'mp3/Tamas Wells - Valder Fields.mp3','img/aolwaenvendredi.jpg,img/aolwaenvendredi_small001.jpg,img/aolwaenvendredi_big001.jpg,img/aolwaenvendredi_small002.jpg,img/aolwaenvendredi_big002.jpg,img/aolwaenvendredi_small003.jpg,img/aolwaenvendredi_big003.jpg','Tamas Wells既是团名也是其主唱的名字，这支来自澳洲墨尔本的indie-pop乐团从澳大利亚开始了自己的音乐事业，并且通过他的第1张唱片a mark on the pane让他在美国,英国,乃至日本都有属于他的听众.怎么说他的音乐风格呢?用独立方式制作出带着流行味道的民谣.虽然看起来 有点矛盾,但仔细想想,却是很贴切的.首先,他的音乐制作程序和制作方式完全是属于独立范畴的.其次,他的音乐并非是属于另类的 ,而是朗朗上口,带着流行的气息.最后,他的音乐质朴的风味充满了民谣的气息.也因此,这样的形容完全合理.现在,你要做的,就 是把它down到自己的硬盘中,慢慢体会这一份充满春天气息的温馨 ','A Plea En Vendredi',120,100),(5,'Amy Winehouse',8,'2006-11-30 00:00:00',4,'mp3/Amy Winehouse - You Know I\'m No Good.mp3','img/backtoblack.jpg,img/backtoblack_small001.jpg,img/backtoblack_big001.jpg,img/backtoblack_small002.jpg,img/backtoblack_big002.jpg,img/backtoblack_small003.jpg,img/backtoblack_big003.jpg','Back to Black is the second studio album by English singer-songwriter Amy Winehouse, released in October 2006 on Island Records. The album has spawned a number of singles such as \"Rehab\", \"You Know I\'m No Good\", \"Back to Black\", \"Tears Dry on Their Own\", and \"Love Is a Losing Game\". Back to Black has received universal critical acclaim, and has been praised for its classic jazz/soul vibe, \"vintage production style\", accomplished songwriting, and Winehouse\'s mature and emotive singing style. It has appeared on numerous year-end Top Ten Lists produced by The Austin Chronicle, Billboard Magazine, Blender Magazine, Slant Magazine, Entertainment Weekly, The New York Times and Time Magazine.','Back To Black',54.3,99),(6,'曲婉婷',4,'2013-10-08 00:00:00',1,'mp3/woweinigechang.mp3','img/wengc.jpg,img/wengc_small001.jpg,img/wengc_big001.jpg,img/wengc_small002.jpg,img/wengc_big002.jpg,img/wengc_small003.jpg,img/wengc_big003.jpg','经过2012年首张唱作专辑「我的歌声里」的发片，曲婉婷旋即成为华人地区家喻户晓的唱作歌手，央视春节晚会的「我的歌声里」，加拿大旅游局的年度代言人，OPPO音乐手机代言人，2012年华语乐坛囊括包含“第12届全球华语歌曲排行榜”，“第20届中歌榜”等最多新人奖项与创作奖项的超级新人王，亚洲超过10场个人演唱会','Say The Words',68,100),(7,'逃跑计划',3,'2011-04-12 00:00:00',1,'mp3/yekongzhongzuiliangdexing.mp3','img/ykzzldx.jpg,img/ykzzldx_small001.jpg,img/ykzzldx_big001.jpg,img/ykzzldx_small002.jpg,img/ykzzldx_big002.jpg,img/ykzzldx_small003.jpg,img/ykzzldx_big003.jpg','我祈祷拥有一颗透明的心灵\r\n<br>和会流泪的眼睛\r\n<br>给我再去相信的勇气\r\n<br>越过谎言去拥抱你','夜空中最亮的星',35,100),(8,'Westlife',9,'2010-11-22 00:00:00',1,'mp3/WestLife - Beautiful Tonight.mp3','img/gravity.jpg,img/gravity_small001.jpg,img/gravity_big001.jpg,img/gravity_small002.jpg,img/gravity_big002.jpg,img/gravity_small003.jpg,img/gravity_big003.jpg',' \'Gravity\' is the eleventh studio album from Irish pop outfit Westlife. Working alongside producer John Shanks (Take That, Backstreet Boys, Bon Jovi), the band\'s contemporary pop sound has evolved, whilst retaining their emotive ballad style. The album title came from a fan\'s suggestion on Twitter of using a lyric from first single \'Safe\', which was subsequently adopted by the band. ','Gravity',170,100),(9,'田馥甄',4,'2013-11-30 00:00:00',1,'mp3/mx.mp3','img/mx.jpg,img/mx_small001 .jpg,img/mx_big001.jpg,img/mx_small002.jpg,img/mx_big002.jpg,img/mx_small003.jpg,img/mx_big003.jpg','※全新专辑《渺小》双前导广告，引爆歌迷网友线上疯传，三天双破十万点阅数，讨论热度居高不退，堪称今年冬天华语乐坛最受期待的专辑！\r\n<br>※首波主打歌《渺小》远赴冰岛拍摄，呈现视觉听觉精彩突破，完整歌曲、MV将于11/13在华研官方YOUTUBE频道正式首播，敬请耐心等候！','渺小',72.6,20),(10,'孙燕姿',4,'2014-02-27 00:00:00',1,'mp3/Kepler.mp3','img/kbl.jpg,img/kbl_small001.jpg,img/kbl_big001.jpg,img/kbl_small002.jpg,img/kbl_big002.jpg,img/kbl_small003.jpg,img/kbl_big003.jpg','2014最闪亮的全新专辑\r\n<br>「克卜勒」\r\n<br>☆★孙燕姿★☆\r\n<br>穿透宇宙直达人心','克卜勒',112.2,20),(11,'周杰伦',5,'2012-12-28 00:00:00',6,'mp3/hongchenkezhan.mp3','img/sexz.jpg,img/sexz_small001.jpg,img/sexz_big001.jpg,img/sexz_small002.jpg,img/sexz_big002.jpg,img/sexz_small003.jpg,img/sexz_big003.jpg','当时光敲第12响时，是该听周杰伦的时候了…\r\n<br>周杰伦2012最新专辑 「十二新作」\r\n<br>2012年12月 28日 压轴登场\r\n<br>Jay.12的巧合与奥妙\r\n<br>出道第12年\r\n<br>第12张专辑\r\n<br>专辑收录12首','十二新作',142,20),(12,'田馥甄',4,'2011-09-02 00:00:00',1,'mp3/haishiyaoxingfu.mp3','img/mylove.jpg,img/mylove_small001.jpg,img/mylove_big001.jpg,img/mylove_small002.jpg,img/mylove_big002.jpg,img/mylove_small003.jpg,img/mylove_big003.jpg','去年首张专辑[TO HEBE]创下辉煌纪录！专辑横扫各大音乐榜、单曲称霸数位榜冠军，囊括全亚洲各大音乐奖项，媒体、网友呼声最高金曲奖最佳女歌手遗珠！甄材实料唱红华语乐坛！\r\n<br>2011田馥甄第二张个人专辑[My Love]未未发行先轰动！网友迫不\r\n及待，热烈讨论专辑名称引爆话题，近50万粉丝同步关注！\r\n<br>专辑首波主打『My Love』，英式摇滚风气势磅礴，田馥甄清透美\r\n声新唱腔，媒体、乐评、音乐人万众期待！','My Love',70,100),(13,'F.I.R',6,'2004-04-23 00:00:00',1,'','img/fir.jpg','在F.I.R.同名专辑中，十首歌的创作几乎都出自F.I.R.笔下，整张专辑的概念性强，理念表达完整，从旋律的市场性，编曲的丰富ㄧ直到歌词的内涵，整张专辑听下来层次分明，张力十足。专辑中非常亮眼的摇滚歌曲运用了不同的元素或编曲形式来表现，《FlyAway》充满生命力的华丽摇滚曲风强势登场。','F.I.R',27,100),(14,'Alicia Keys ',8,'2012-11-27 00:00:00',6,'','img/girlonfire.jpg','集美貌与才华於一身，跻身过去十年来全球乐坛最重要的音乐创作人之一，同时兼任企业家、畅销作家、导演、演员等多重身份，并以关注社会人权议题为己任，她早已超越大众对「艺术家」的认知，成为当今全球最具影响力的歌手之一；只需一架钢琴搭配上她热切激昂的嗓音，就能开创出流行音乐的崭新境地，这样的音乐人或许你一辈子只会遇见一位，她就是深获全球无数歌迷喜爱敬重的Alicia Keys！','Girl On Fire',90,100),(15,'Gustavo Santaolalla',7,'2005-02-02 00:00:00',7,'','img/brokebackmountain.jpg','这部影片赢得的除了无数的奖项，还有还引来了世界对华人电影导演李安的关注。当影片得到世界承认的时候，观众也把回忆留在美丽的电影音乐当中。开篇曲Opening就把我们带到了广袤的中西部，清脆的吉他让你心驰神往。He\'s a friend of Mine预示着两人不同寻常的关系。影片最为人熟悉的是那曲“I don\'t wanna say goodbye\",这首歌曲在影片将要结束的时候响起，悠扬的小提琴加上歌手深情忧郁的演唱，唱得是对伟大爱情的无限唏嘘','Brokeback Mountain',87,100),(16,'Beyoncé ',8,'2008-11-18 00:00:00',6,'','img/iamsashafierce.jpg','I AM...SASHA FIERCE DELUXE - Includes five #1 hits \"Single Ladies (Put A Ring On It),\" \"If I Were A Boy,\" \"Halo,\" \"Ego,\" and \"Sweet Dreams.\" Also includes bonus tracks \"Video Phone\" featuring Lady GaGa and \"Poison.\" \r\n','I Am… Sasha Fierce',109,100),(17,'周杰伦',5,'2000-11-13 00:00:00',6,'','img/jay.jpg',' 一直以音乐制作人身份从事作词、作曲、编曲等工作的周杰伦，18岁时因创作吴宗宪的“屋顶”、“三暝三日”、“你比从前快乐”；许茹芸的“蜗牛”；王力宏的“打开爱”以及徐若宣的“姐你睡了吗?”等歌曲打开了知名度。害羞、内向似邻家大男孩的他凭着新作“可爱女人”的强力宣传，从幕后走到幕前成为歌坛耀眼的新人，首张同名专辑《周杰伦》于2000年11月3日在台湾正式发行。','Jay',17,100),(18,'林宥嘉',5,'2013-03-23 00:00:00',4,'','img/jazzchannel.jpg','林宥嘉&nbps首张爵士专辑  \r\n<br>Jazz Channel \r\n<br>林宥嘉邂逅爵士慈善音乐会Live精华','Jazz Channel 林宥嘉邂逅爵士慈善音乐会Live精华',70,99),(19,'王若琳',4,'2009-01-16 00:00:00',4,'','img/wrl.jpg','预约你今年的私人点播排行榜，全方位唱作女声Joanna王若琳2009推荐曲目。\r\n<br>经典翻唱：Times of Your Life玫瑰玫瑰我爱你。\r\n<br>词曲创作：Nobody\'s A Nun·His Remedy。\r\n<br>歌词创作：一种念头·Tikiville。\r\n','Joanna&王若琳',73.6,100),(20,'Nicolas Errera',7,'2002-09-02 00:00:00',7,'','img/lepapillon.jpg','配乐家 Nicolas Errera以钢琴还有弦乐为主要的基调，铺陈出轻缓优美的旋律，流泄出法式的浪漫情调，顺畅的乐章直到〈L\'ultime Voyage〉时，出现诡谲的低鸣音干扰，暗喻着剧中老少的互动关系微妙转变，聆听这张专辑，也彷佛重回屏幕前，再次感受蝴蝶的轻盈飞舞，跟人性间的纯良情感。 \r\n','Le Papillon',76,100),(21,'Linkin Park ',9,'2008-07-15 00:00:00',3,'','img/leaveoutalltherest.jpg','Linkin Park 第三张录音室专辑《Minutes To Midnight》的第五支单曲《Leave Out All The Rest》将于7月22日发行单曲CD。该单曲CD内将有三首歌，分别是专辑版的“Leave Out All The Rest”及来自Projekt Revolution 2007上Live版的“Leave Out All The Rest”，还有一首是同样来自Projekt Revolution 2007上“In Pieces”。','Leave Out All the Rest',107,100),(22,'Bruno Coulais',7,'2004-05-05 00:00:00',7,'','img/leschoristes.jpg','《Les Choristes》《放牛班的春天》的主题曲！','Les Choristes',150,100),(23,'macy gray',8,'2010-09-02 00:00:00',4,'','img/leyyouwin.jpg','质感十足的蓝调女声 let you win','let you win',87,100),(24,'Mychael Danna ',7,'2012-11-19 00:00:00',7,'','img/lifeofpi.jpg','《少年派的奇幻漂流》主题曲！','Life of Pi',112,100),(25,'Westlife',9,'2011-11-11 00:00:00',1,'','img/lighthouse.jpg','西城男孩告别之作！','Lighthouse',200,100),(26,'Destiny\'s Child',9,'2013-01-29 00:00:00',6,'','img/lovesongs.jpg','天命真女 （Destiny\'s Child）是美国的女子流行演唱组合，由有Beyonce Knowles、leToya Luckett、LaTavia Roberson和Kelendria Rowland组成。1997年正式成军后与哥伦比亚唱片公司（Sony Music）签约。组合起初是二重唱组合，后来发展成四重唱组合，最后演变成三重唱组合。','Love Songs',105,100),(27,'范晓萱',4,'2012-05-11 00:00:00',4,'','img/missdd.jpg','范曉萱在2012年，獨力製作了一張音樂專輯，這張作品叫做：Miss D.D，這是一張萱萱要送給媽媽的母親節禮物。萱萱的母親D.D，17歲就生下了她，並且獨力撫養她，在青春正盛的時候，擁有好歌喉的D.D，嚐遍人間冷 暖，靠著自已的歌聲在各演出場所奔波，唱啞了嗓子，也放棄了自己的音樂人生，甘心做一個聲音的演出者，唱著自己不見得喜歡的歌曲，迎頭面對生命嚴苛的挑戰 而從未退守。','Miss.D.D',70,100),(28,'Wendy Lands',8,'2011-06-21 00:00:00',4,'','img/mumble.jpg','第一眼看到封面就被吸引，非常文艺温馨，迫不及待的听了整个专辑，被那充满soul味的嗓音和曲风深深吸引，专辑舒适弛缓，jazz味道十足，特别适合夏日的午后或者静夜，那一点一滴的低吟浅唱慢慢渗入你的心里。如果厌烦了如今浮躁的电音舞曲，这张专辑绝对会让你重新认识到那种静谧的音乐也如此摄人心弦 ','Mumble',107,100),(29,'Keren Ann',8,'2004-08-24 00:00:00',5,'','img/notgoinganywhere.jpg','KerenAnn何许人也？她是法国乐坛最受瞩目的民谣才女，她出生在以色列，从小学吉他时就开始扒Joni Mitchell的曲子，11岁举家迁往巴黎后竟然得到了JoniMitchell的赏识而结识了著名制作人Benjamin Biolay，后者的古典音乐背景为她的作品带来更丰富的编配层次。2000年KerenAnn的首张专辑《LaBiographie De Luka Philipsen》融入了俄国文学、犹太民谣和法国诗歌，并以Trip-Hop、民谣及法国流行乐的融合形式现身，一举在欧洲赢得巨大成功。一曲《Jardind’Hiver》更是惊动了80高龄的法国Bossa Nova鼻祖HenriSalvador，后者在自己的经典复出专辑《Chambre Avec Vue》中收录了包括《Jardind’Hiver》在内的5首由BenjaminBiolay和KerenAnn创作的曲子。 ','Not Going Anywhere',50,100),(30,'Linkin Park',9,'2003-09-16 00:00:00',3,'','img/numb.jpg','Taken from the 2003 album, \'Meteora\'. The title track is backed with two non-LP tracks, \'Easier To Run\' (Live) & \'Faint\' (Video). Warner Brothers. ','Numb',160,100),(31,'Katie Melua',8,'2005-09-02 00:00:00',4,'','img/Piece-by-Piece.jpg','2005年Katie发行了她的第二张录音室专辑\"Piece By Piece\"。首支单曲主打Nine Million Bicycles融合着爵士的流行味道慢版的抒情小调扑面而来。而对于我们来说，最重要的是，她讲述了一个来自北京的故事。一般来说，专辑的前三支单曲都是抓人耳朵的。所以，从Shy boy,Nine Million Bicycles,再到专辑同名歌曲Piece By Piece，我们听到的是基于流行和接近平淡的Katie的声音和演唱。甚至对我来说，Piece By Piece最后的抒情有太多的矫柔造作。当三支流行单曲过后，Katie才开始展现她的才华。于是我们听到了跳跃的Halfway Up The Hindu Kush。低沉的爵士鼓，轻盈的打击乐器。 ','Piece by Piece',110,100),(32,'Adele',8,'2010-11-25 00:00:00',4,'','img/rollinginthedeep.jpg,img/rollinginthedeep_small001.jpg,img/rollinginthedeep_big001.jpg,img/rollinginthedeep_small002.jpg,img/rollinginthedeep_big002.jpg,img/rollinginthedeep_small003.jpg,img/rollinginthedeep_big003.jpg','\"Rolling In The Deep\" will be the first single released from the album. It will be released on 16 January 2011. \r\n','Rolling in the Deep',90,100),(33,'Gil Shaham / Goran Sollscher',7,'2003-01-28 00:00:00',2,'','img/schubert.jpg','专辑包括了舒伯特的14部作品。曲目范围从大型作品（D大调奏鸣曲）到迷人的小步舞曲系列、被改编的民谣抒情歌曲以及音乐的瞬间，甚至还有一首大型作品“阿佩乔尼”奏鸣曲。','Schubert For Two',550,100),(34,'Adele',8,'2011-01-25 00:00:00',4,'','img/setfiretotherain.jpg','\"Set Fire to the Rain\" is a song from soul singer Adele released from her second studio album 21. It was released mid-February as the second single from the album in the Netherlands where it reached number one. The song will also be released elsewhere in Europe as the third single from the album. In Germany, Set Fire to the Rain reached No. 20 in its 6th week charting making it the highest charting song not to be released as a single since Lena\'s Push Forward which reached No. 15 in March 2011. ','Set Fire to the Rain',170,100),(35,'Linkin Park',9,'2004-06-22 00:00:00',3,'','img/breakingthehabit.jpg','林肯公园（Linkin Park）是一组来自美国加州的重金属摇滚乐队，是混合了流行金属、嘻哈、后垃圾摇滚、说唱、另类金属等多种风格元素的新金属乐队。','Breaking the Habit',78,100),(36,'Ennio Morricone ',7,'1999-10-12 00:00:00',7,'','img/hsgqs.jpg','《海上钢琴师》叙述了一位诞生于海上的音乐奇才，精彩不凡且极富争议的一生。为《海上钢琴师》操刀配乐的是世界电影界着名和资深的意大利最具风格的作曲家埃尼奥.莫里康内(Ennio Morricone)，从处女作《法西斯分子》到去年的《西西里的美丽传说》，这位大师参与制作的各国电影配乐已不下400部了，故被音乐界冠以最多产的作曲家美誉。','The Legend Of 1900',100,100),(37,'Various Artists',9,'2012-09-18 00:00:00',7,'','img/theperksofbeingawallflower.jpg','《壁花少年》主题曲！','The Perks of Being a Wallflower',120,100),(38,'Rihanna ',8,'2012-11-19 00:00:00',6,'','img/unapologetic.jpg','Rihanna个人第七张大碟Unapologetic\r\n<br>预计于12年11月19日发行\r\n','Unapologetic',170,100),(39,'Drew Barrymore Hugh Grant / Haley Bennett Hugh Grant',9,'2007-02-14 00:00:00',7,'','img/waybackintolove.jpg','电影《Music and Lyrics》的浪漫抒情主题曲「Way Back Into Love」','Way back into love',120,100),(40,'Flo Rida ',8,'2012-04-24 00:00:00',6,'','img/whistle.jpg','Flo Rida本名Tramar Dillard，生于1979年9月17号，出生地为美国佛罗里达，carol市。其在舞台上的名字Flo Rida更为大多数人所熟悉，是美国著名的嘻哈说唱歌手，年轻时曾是当地的嘻哈组合2 Live Crew的一员','Whistle',70,100),(41,'Zee Avi',8,'2009-05-19 00:00:00',4,'','img/zeeavi.jpg','本专辑收录首波迷人单曲“The Book Of Morris Johnson”以及首度尝试用母语演唱的“SibohKitakNangis”。全新大碟入列美国告示牌潜力榜冠军+另类专辑榜TOP20！把一本画册变成一首歌，把一只猫头鹰变成一张专辑，一年四季最舒服的声音，微风女孩的音乐森林浴。\r\n<br>季小薇，马来西亚版王若琳，被誉为爵士名伶Billie Holiday与民谣歌手CatPower的接班人，杰克约翰逊自创音乐厂牌BrushfireRecords旗下唯一创作才女，Youtube网站150万网友力挺。','Zee Avi',67,100),(42,'斯维亚多斯拉夫·李赫特',7,'2001-01-01 00:00:00',2,'','img/bhpjl.jpg','平均律是欧洲音乐的基本律制。巴赫以《平均律钢琴曲集》首次为平均律的创作竖立典范，影响极为深远。这套曲集是钢琴文献中最重要的作品之一，被世人称为钢琴音乐的《旧约》。（平均律钢琴曲集）集复调音乐之大成，精美的旋律、千锤百炼的主题和菲夷所思的复调作曲技法随处可见，代表了巴赫器乐创作的最高成就。在这幢完美的音乐大厦面前，后人只有惊叹。肖邦曾说：“《平均律钢琴曲集》是音乐的全部和终结”。','巴赫平均律钢琴全集',260,100),(43,'史塔克',7,'1992-06-02 00:00:00',2,'','img/bhwbzdtqzq.jpg',' “巴赫无伴奏大提琴组曲的所有演奏版本中，最爱还是史塔克1992年在RCA的录音。”日本乐评家武田明伦如是推荐。在1999年的“名曲名盘300”中，此录音版本更名列第5，乐评界与古典发烧友一致高度评介！\r\n','巴赫无伴奏大提琴组曲(全六曲)',500,100),(44,'罗琦',2,'2002-08-02 00:00:00',3,'','img/bncz.jpg','《罗琦：把你唱醉》罗琦中国摇滚乐坛一位重要的女歌手，以其极富金属般穿透力的嗓音占据歌坛，有着中国第一摇滚女声的美喻。你看着我，你等我，你在对我说，我已印在你的梦中。','把你唱醉',45,100),(45,'赵季平',1,'2003-06-02 00:00:00',7,'','img/bwbj.jpg','戛纳获奖作品《霸王别姬》的电影原声终于由Rock Records（滚石唱片）出版，其中不仅收录内地著名作曲家、电影配乐家赵季平为电影创作的多首作品，还收录了多段名家京剧片段。更有林忆莲、李宗盛为影片演唱的主题曲《当爱已成往事》','霸王别姬',59,100),(46,'张玮玮 / 郭龙',3,'2012-05-26 00:00:00',6,'','img/byfd.jpg','“这张专辑里的歌，大部份写于07至09年。那期间我从北京永安里搬家到了东直门。2010年9月，为了可以更踏实的录音，我又从东直门搬到了这张专辑的录音棚所在地，北京青年路。','白银饭店',72,100),(47,'李云迪',1,'2011-09-02 00:00:00',2,'','img/bdf.jpg','《李云迪:贝多芬》国际钢琴巨星李云迪回归环球音乐首张专辑，国际钢琴巨星李云迪自18岁获得肖邦大赛第一名以来，在艺术道路上不断追求，令他从昔日的音乐神童，蜕变成如今德艺双馨的钢琴巨星。在中国以至全球，他的音乐会和电视演出风靡数以亿计的观众。','李云迪：贝多芬奏鸣曲“悲怆”、“月光”、“热情” ',90,100),(48,'梁静茹',4,'2007-11-09 00:00:00',1,'','img/cb.jpg','情歌天后梁静茹在2006年的《亲亲》专辑及巡迴演唱会有着辉煌的战绩，延烧至今。以「你挥霍了我的崇拜，我戒掉了我的溺爱。」为新专辑的主题，首波与大碟同名单曲「崇拜」为台湾电影《最遥远的距离》的主题曲，再是一首梁静茹式的难忘情歌。','崇拜',40,100),(49,'班得瑞',9,'2002-01-02 00:00:00',9,'','img/cy.jpg','承袭新世纪超时空的音场感，描写瑞士山间风光的班得瑞新世纪第3张专辑《春野》，如一袭清流席卷而来。以瑞士春天为主题，走访瑞士最美的罗春湖畔（Luzen）和玫瑰峰山麓（Rose），以先进的数位采样技术，采集最纯净的虫鸣鸟语，为你传递在仙境彼端的光鲜绿野。藉由音乐和全人类分享瑞士最美丽的季节！14首新世纪乐章皆来自瑞士春天第一现场的写实记录，带给你绝无冷场的听觉感动！这份班得瑞式的春季景色，除了前往瑞士，无法亲身体会！','春野',200,100),(50,'许巍',1,'2012-12-10 00:00:00',5,'','img/csck.jpg','此时此刻，你在何方？\r\n<br>四年，你的生活改变有多大？有人成功有人失败，你失去了一些也收获了什么；你在黑夜中迎接晨曦，在未知里选择未来，你是大千世界里平凡的一份子，在不同的城市里行走、生活，经历属于自己的欢喜悲哀。每一个人生阶段，都有不同的生活等待你经历，交出属于你的成绩单。','此时此刻',77,100),(51,'汪峰',1,'2011-11-02 00:00:00',3,'','img/cz.jpg','做音乐十几年，汪峰保持着每两年一张唱片的产量。今年40岁的他创作欲有增无减，将在11月发行的第11张创作大碟中，一次性收录26首汪峰作品。这在华语乐坛是第一次，也是中国摇滚乐史上第一张严格意义上的双专辑。无疑是2011最重量级的音乐作品！','存在',50,99),(52,'逃跑计划',3,'2008-08-08 00:00:00',1,'','img/dwlk.jpg','逃跑计划乐队的第一张EP。\r\n<br>生活在这个城市，这个时代，我们看清了很多......\r\n<br>这是一个不完美的世界，我们无法选择。\r\n<br>面对丑恶，面对创伤，面对死亡，事实上我们无路可逃。\r\n<br>所以逃跑的真正意义仅存在于计划。\r\n<br>我们能做出的反应大多只能是慌乱，\r\n<br>但也有例外，就是一些根本逃不掉的东西-热爱。','带我离开',56,100),(53,'周杰伦',5,'2001-09-20 00:00:00',1,'','img/ftx.jpg','周杰伦的出现，让人们相信台湾创造本土R&B的可能性；周杰伦的走红，彻底地宣布音乐新声代的来临。作曲、填词、编曲、演唱样样俱精的周杰伦，首张同名专辑《Jay杰伦》推出后，销售势如破竹，不单有“音乐新人王”称号，他自成一格的R&B演绎方法，更被誉为陶吉吉的劲敌。顶着台湾金曲奖“最佳唱片”、“最佳制作人”的光环，周杰伦的第二张专辑《Fantasy（范特西）》在万千歌迷的期待中推出。这次杰伦依然一手包办所有作品的作曲。曲风较上张专辑更为的广泛，除了抒情歌及R&B外，杰伦还首次在歌中加入他在音乐班主修的大提琴，更有类似林普巴兹提特的摇滚及Hip-Hop曲风。','范特西',68,100),(54,'李志',1,'2007-01-11 00:00:00',5,'','img/fgxs.jpg','欢愉的孤独是什么？城市游吟诗人李志再次让我们体会孤独的别样滋味。他的第二张创作专辑《梵高先生》近期由支持独立好音乐的口袋音乐正式发行，过去只能收藏简陋小样的你们，可以再次的真切聆听来自内心的声音。','梵高先生',89,100),(55,'周笔畅',2,'2011-09-19 00:00:00',3,'','img/hpg.jpg','苹果如果是黑的，天使如果是邪的，\r\n<br>柔如果是黑暗的，暴烈如果是纯白的，\r\n<br>在快感里抒情，在安静中摇滚。\r\n<br>谁说不可以？','黑苹果',20,100),(56,'李云迪',1,'2011-09-20 00:00:00',2,'','img/hsgq.jpg','《李云迪：红色钢琴》是国际钢琴大师李云迪继“肖邦诞辰两百周年”之际推出《肖邦夜曲全集》和《北京现场独奏会》之后推出的又一力作，也是他个人的首张中国作品专辑。录制中国作品专辑的想法在李云迪的脑海里酝酿了两年有余，传承、传播中国民族优秀的文化艺术，是李云迪录制这样一张“全中国作品”的想法由来，在经过精心的挑选后，李云迪确定了要录制的曲目，并邀请中央民族大学音乐学院张朝教授为其进行曲目改编及创作。为了这张独特的专辑，李云迪努力筹备多年，终于将在中国共产党建党90周年之际推出。','红色钢琴',69,100),(57,'李宇春',2,'2009-08-05 00:00:00',1,'','img/红星闪闪.jpg','红：中国红。革命红。青春红。少年红。\r\n<br>星：天娱群星携手老一辈艺术家，缔造新红色经典。','红星闪闪',55,100),(58,'五月天',6,'2008-10-23 00:00:00',1,'','img/hqcds.jpg','五个\"憨人\"闭关半年 熬出睽违两年爆肝专辑‘作品七号’\r\n<br>要让全世界靠罗马拼音大合唱闽南语 首波坚持主打正港台味‘出头天’\r\n<br>密码007 代号‘作品七号’\r\n<br>五月天第七张新专辑保密防谍 就怕爆肝心血毁于一旦','后青春的诗',44,100),(59,'S.H.E',6,'2012-11-16 00:00:00',1,'','img/hykhl.jpg','『花又开好了』 S.H.E回来了\r\n<br>勇敢重生 温暖重聚\r\n<br>2012最美丽的等待 女子天团传奇再现','花又开好了',89,100),(60,'张靓颖',2,'2008-09-02 00:00:00',7,'','img/hx.jpg','“爱着你，像心跳难触摸，画着你，画不出你的骨骼，你是我一首唱不完的歌……”这是新版《画皮》的主题曲《画心》里所描述的凄美动人的旋律。据悉，该主题曲由日本著名音乐人藤原育郎作曲、香港著名词人陈少琪填词、莫斯科交响乐团演奏，歌曲全长达七分钟。这首“超长”主题曲是由电影配乐中的一段主要旋律衍生而来，表达了电影中主人公的感情世界，旋律幽怨、凄美动人，与这部电影中充满着神秘东方气息的画面也高度统一在一起，达到了音画合一的效果。 ','画心',25,100),(61,'Katharine McPhee',7,'2010-10-12 00:00:00',4,'','img/Christmas.jpg','综观“美国偶像”这五季赛事，Katharine　Mcphee(凯瑟琳·麦克菲)应该算是当中最完美的参赛选手了。她年轻朝气又纯情健康，长相非常甜美且身姿动人，从小接受歌手母亲的调教，后来又到王牌学校波士顿音乐学院学习，天赋的圆润音色再加上后天练就的出色唱功，让她无往不利一路杀进最后的两人对决。 ','Christmas Is The Time TO Say I Love You',120,100),(62,'斯图尔特 迈克尔',7,'2013-09-18 00:00:00',2,'','img/jdxxslzj.jpg','★ 出自最知名的放松音乐艺术家“斯图尔特·迈克尔”\r\n<br>★ 近60分钟的全音乐，让聆听者沉浸在水疗般的感觉里\r\n<br>★「绝对休闲水疗专辑」的美妙旋律恰恰是就Spa时刻的最佳伴侣\r\n','绝对休闲水疗专辑',80,97),(63,'范晓萱',4,'2001-08-25 00:00:00',4,'','img/jsml.jpg',' 99年专辑《我要我们要在一起》的成功让范晓萱摆脱了小魔女的儿童歌手形象，做自己喜爱的音乐是她一直所追求的目标。随着由福茂唱片转换至擎天娱乐旗下，让歌迷们引颈长盼两年的全新作品《绝世名伶》终于出炉。\r\n','绝世名伶',12,100),(64,'Various Artists',9,'2003-11-19 00:00:00',2,'','img/knjz.jpg','为了庆祝帕海贝尔350周年诞辰，BMG唱片公司特别邀请全世界不同音乐领域的知名乐手、乐团 ，以15首不同编曲、配器与演奏曲格的卡农演出版本，纪念这位音乐家，汇成这张珍贵的“卡农绝赞”！专辑囊括了许多顶尖音乐家和极具时代意义的标志性演出版本，更被赋予了电子、吉他独 奏、乐方乐器演绎等十五种新的生命，专辑收录十首全球首度重新编录版本，加上24bit-96khz的超音质呈现，绝对让听众从头听到尾，一遍又一遍，乐此不疲。 ','卡农绝赞(纪念帕海贝尔诞辰350周年特别版)',570,100),(65,'方大同',5,'2012-12-12 00:00:00',6,'','img/hdwl.jpg','回到未來 美好現在\r\n<br>曾倒下的成為音牆 節奏餵養靈魂\r\n<br>應許我們現在走向未來。\r\n<br>方大同KHALIL FONG 6th Album\r\n<br>回到未來Back To Wonderland','回到未来',70,96),(66,'HAYA乐团',3,'2013-04-22 00:00:00',5,'','img/ltt.jpg','留真音乐 荣誉再版\r\n<br>台湾第19届金曲奖“最佳跨界音乐”大奖\r\n<br>中国顶级的世界音乐 \r\n<br>苍劲悠远的蒙古之声','狼图腾',40,100),(67,'李云迪',1,'2013-05-20 00:00:00',2,'','img/ldbl.jpg','肖邦钢琴大赛冠军李云迪携手指挥大师小泽征尔和世界顶尖的柏林爱乐乐团，挑战普罗科菲耶夫和拉威尔的钢琴协奏曲。李云迪电光火石的超技和小泽棒下的柏林爱乐无坚不摧的爆发力让人重新认识了这两部20世纪的钢琴杰作，这是李云迪琴艺跨入更高境界的绝佳见证，钢琴艺术的爱好者不可错过的精彩唱片。','乐动柏林',71,100),(68,'李云迪',1,'2010-03-10 00:00:00',2,'','img/xbyqqj.jpg','2000年国际萧邦大赛首奖 史上最年轻首奖得主纪录保持人\r\n<br>「浪漫派钢琴大师接班人」李云迪加盟EMI首张话题大碟','李云迪肖邦夜曲全集',82,100),(69,'张杰',1,'2008-09-15 00:00:00',1,'','img/mtgh.jpg','开创音乐江山，成就歌坛霸业，第一主打《天下》，加入了时尚中国风元素，从壮志凌云到儿女情长，不过一首歌间一一吟唱，张杰用一把好声音，讲述一个传奇的故事。第二主打《明天过后》突破性的尝试，放下大气华丽的光环，专心而深情的唱世人情歌，这一面的张杰，不过是一个很真心的男子，你愿意陪他走到明天过后么？','明天过后',50,100),(70,'Various Artists',9,'2012-12-27 00:00:00',5,'','img/mdtk7.jpg','《摩登天空七》于近日正式发行，这也是这家名为摩登天空的音乐厂牌，送给自己成立十五周年的生日礼物。摩登合辑系列早已成为国内原创音乐合辑持续时间最长，品质最有保证的象征。而在国内为数不多的独立音乐浪潮背后，能找到许多执著于音乐本身并有着良好判断力的“独立”的影子。但在市场严苛的洗礼之下，他们大多只留下了一个仅供人们怀念的名字，而摩登天空却是一个例外。　','摩登天空7',79.5,100),(71,'张玮玮 / 郭龙',3,'2008-08-11 00:00:00',5,'','img/ndzwhl.jpg','曲目  \r\n<br>1.格鲁吉亚民歌\r\n<br>2.花瓶\r\n<br>3.米店\r\n<br>· · · · · ·','你等着我回来',56,100),(72,'The Beatles ',9,'2000-09-02 00:00:00',3,'','img/pts.jpg','二十世纪最伟大的乐队，二十七首冠军细碟，一次过收录在一张镭射唱片里面！由六三年推出《Please Please Me》到最后一张专辑《Let It Be》，The Beatles只得七年寿命，但却生产了二十七首冠军歌，绝对是前无古人、后无来者。','The Beatles 1',570,100),(73,'周杰伦',5,'2004-10-22 00:00:00',6,'','img/qlx.jpg','2004年夏天周杰伦带来浓郁《七里香》！限量预购版加送「Jay 海参威纸上写真剧场」(约36页写真集)，限量发售！随碟加赠珍藏VCD，内有「七里香」及「止战之殇」之MV。\r\n','七里香',48,100),(74,'Salvatore Accardo',8,'2002-09-02 00:00:00',2,'','img/diabolus.jpg','专辑收录了10余首帕格尼尼的作品，有名的大概都在其中了。\r\n<br>早年的阿卡多火爆生猛，手中名琴迸发出的琴声华丽雄壮，光辉甜美，令人难以忘怀。\r\n<br>这是DG皇牌录音师Gunter Hermanns亲自所录的杰作之一。碟中独奏部分音色通透，琴声细节分明、空气感强，片中小提琴和打击乐的高频泛音极为丰富，足以试出音响系统中的任何瑕疵。','Diabolus in Musica',340,100),(75,'李心洁',2,'2013-05-31 00:00:00',1,'','img/bbtn.jpg','我不要伟大，我只要长大\r\n<br>bye bye 童年\r\n','bye bye 童年',58,100),(76,'谭维维',2,'2010-03-30 00:00:00',3,'','img/tmm.jpg','《谭维维：谭某某》由两大音乐诗人高晓松和汪峰联手打造，酝酿四年、开创“慢摇滚诗歌”风格，赤子心女人谭维维2010最新专辑《谭某某》！天娱唱片荣耀发行，跨国际合作，联手打造全新的谭维维！','谭某某',56,100),(77,'张悬',4,'2012-08-10 00:00:00',5,'','img/sdyx.jpg','緣份是神，遊戲，是我們。\r\n<br>神的遊戲games we play\r\n<br>張懸作品_2012','神的游戏',84.5,99),(78,'The Klazz Brothers / Cuba Percussion',9,'2004-02-03 00:00:00',2,'','img/classicmeescuba.jpg','·当古典遇上古巴·莫扎特大跳曼波\r\n<br>·贝多芬·舞动着·命运的骚沙·悲怆的恰恰恰\r\n<br>·古巴女子卡门·与·来自非洲的大黄蜂\r\n<br>·一齐聆听·布拉姆斯·爵士摇篮曲！\r\n','Classic Meets Cuba',340,100),(79,'逃跑计划',3,'2011-12-31 00:00:00',1,'','img/sj.jpg','逃跑计划 (Escape Plan) 首张专辑。','世界',66,100),(80,'张学友',5,'2010-01-29 00:00:00',4,'','img/srjl.jpg','2008年初张学友完成了105场《学友光年世界巡回演唱会》后， 2009年他参与了《月满轩尼诗》、《全城热恋》和《72家租客》等多部电影演出。 2010年，终于让我们等到他，张学友全新粤语大碟「Private Corner」。','私人角落',55,100),(81,'张震岳',5,'2007-07-06 00:00:00',1,'','img/snsyzb.jpg','阿岳已经有5年没有发行新专辑了。自由、爱的初体验、干妹妹、我要钱、Free Night、认输、爱我别走、勇气、分手吧、怎么办、在凌晨…张震岳＆Free Night痞模痞样传授时下年轻男女摇滚新知，数十首经典人气不坠歌曲震撼华语乐坛！因为唱张震岳的歌，就像念OK一样简单。\r\n<br>新专辑11首歌曲完全是发自张震岳内心的情歌。11首关于阿岳5\r\n年来心情、感情、真情、苦情、深情、实情的忠实纪录，发展成一首首「情」歌，而始终围绕其中的，只有一个字。是什么？听了就知道。','思念是一种病',36,100),(82,'史茵茵',4,'2009-11-13 00:00:00',4,'','img/tjsyy.jpg','史茵茵首張福音專輯，發行是想要達成母親的願望，將歌聲奉獻給上帝因此唱的是媽媽喜愛的詩歌，知名吉他手盧家宏清新的吉他伴奏加上史茵茵獨具一格的演繹方式，讓這張完全沒有宣傳成本的專輯在發行不到五個月的時間內在福音通路熱銷超過2500張，並於誠品網路書店多週高居流行音樂類排行榜前五名.','聽見史茵茵',74,100),(83,'图玛尔',3,'2013-04-22 00:00:00',5,'','img/tme.jpg','哈萨克民族乐队——图玛尔     \r\n<BR>用阔麦依唱响生命的歌图玛尔是一支哈萨克族乐队，乐队成员熟练掌握了多种哈萨克古老乐器，并且振兴了哈萨克濒临失传的阔麦依艺术，是中国唯一一支以哈萨克阔麦依为主要演唱方式的乐队。','图玛尔',45,100),(84,'戴安娜克劳',8,'2013-04-19 00:00:00',4,'','img/woww.jpg','专辑12次提名格莱美并五度获奖，累计销售超过700万张\r\n<br>加拿大爵士天后戴安娜?克劳全新专辑\r\n<br>《玩偶娃娃》俏皮柔美 轻松甜蜜','玩偶娃娃',105,100),(85,'Various Artists',9,'2004-06-01 00:00:00',2,'','img/wwed.jpg','《维瓦尔第：四季》本碟是德国“小提琴女神”安妮·索菲·穆特与其音乐领路人欧洲指挥大帝卡拉扬早年为EMI留下的一款珍贵唱片。收录了音乐史上流行度最高的小提琴协奏曲——维瓦尔第创作的《四季》！意大利作曲家维瓦尔第本人就是音乐史上一位技艺精湛的小提琴家，同时也是小提琴协奏曲这种音乐演奏形式的发明者。《四季》是他卷帙浩繁的小提琴作品中流行度与艺术成就最高的一部！！据统计，《四季》很可能是全世界被唱片公司录制次数最多的小提琴作品！！','维瓦尔第：四季',270,100),(86,'温岚',4,'2013-10-25 00:00:00',1,'','img/wl.jpg','温岚同名概念专辑\r\n<br>温岚 第10张专辑 10首歌曲 10种风味\r\n<br>首度全能音乐制作 / 概念统筹 / 词曲创作','温岚',70,100),(87,'郁可唯',2,'2014-06-25 00:00:00',1,'mp3/yuanliangbumeihao.mp3','img/ws.jpg,img/ws_small001.jpg,img/ws_big001.jpg,img/ws_small002.jpg,img/ws_big002.jpg,img/ws_small003.jpg,img/ws_big003.jpg','当风格独特音乐人张亚东遇见郁可唯\r\n<br>对于音乐和自我的探索，这是一个开始！','温水',70,100),(88,'Various Artists',9,'2004-09-02 00:00:00',4,'','img/bestvoices.jpg','The first volume is a collection of sultry female vocalists featuring a repertoire of sophisticated styles. The selection of tracks includes and eclectic mix of familiar and evocative songs. A great disc to show off your system. ','Best Audiophile Voices I',370,100),(89,'班得瑞',9,'2004-09-02 00:00:00',7,'','img/仙境.jpg','来自瑞士的班得瑞BANDARI乐团,在当地是一支极受欢迎的抒情演奏团体，自1990年推出第一张专辑『仙境』后造成轰动。其不落俗套的编曲，精简的乐器配置，使每一首曲子都呈现出清新的自然气息。本专辑中，他们以简单流畅的旋律，加上大自然意向与流行元素，使人悠然神往。在“THE WIND OF CHANGE”这首曲子中，你可以听到呼啸的风声和排笛交错出现，感觉非常缥缈浪漫；在“ANNIE\'S SONG”中，你也可以感受到钢琴与长笛所营造的空灵意境。14首充满新世纪风格的作品,予人身处仙境的感受! ','仙境',200,100),(90,'亚当科恩',7,'2013-09-18 00:00:00',2,'','img/xgnr.jpg','★ 「像男人一样」- 亚当·科恩的最自豪之作\r\n<br>★ 转型后带来极具满浪漫诗意的民谣流行曲风\r\n<br>★ 单曲《其他人》被大众评为‘世界级经典情歌','像个男人',87,100),(91,'大乔小乔',3,'2007-07-12 00:00:00',5,'','img/xsdgn.jpg','这张用时一年，耗资一万元做成的专辑《消失的光年》大乔30岁，小乔10岁。大乔是设计师，小乔是学习委员。大乔小乔——30岁的男人乔小刀和10岁的女孩乔木楠合作了一个乐队（他们是叔叔和侄女的关系），他们的一首《消失的光年》风靡整个网络。','消失的光年',30,100),(92,'汪峰',1,'2009-07-25 00:00:00',3,'','img/xyzkzpy.jpg','《汪峰：信仰在空中飘扬》是2009年汪峰震撼推出的最新专辑，14首全新歌曲依然是汪峰一手包揽了所有的词曲创作。在本张专辑中，汪峰依然不改摇滚本色以及浓情的人文关怀。整张专辑从作词作曲到后期编排缩混都保持着较高的制作水准，非常值得聆听和收藏。','信仰在空中飘扬',80,100),(93,'S.H.E',6,'2011-03-01 00:00:00',1,'','img/aehy.jpg','《SHE:爱而为一 影音馆》那一夜,我们因为爱而为一;重回那一天,见证我们一起爱的巨大感动……华语乐坛独一无二的女王天团传奇S.H.E10周年纪念献礼：S.H.E 爱而为一 演唱会影音馆!3.4(五) 全亚洲3DVD同步上市!3张DVD9共280分钟超长内容，收录了《S.H.E IS THE ONE 爱而为一世界巡回演唱会》+TOP GIRL台北旗舰场2DVD+《因为爱而为一》DVD!','SHE:爱而为一 影音馆',96,100),(94,'逃跑计划',3,'2012-01-01 00:00:00',1,'','img/ywcbs.jpg','一万次悲伤','一万次悲伤',30,100),(95,'大乔小乔',3,'2012-06-22 00:00:00',5,'','img/yjwd.jpg','浮生若梦，为欢几何？ 溽热的七月，反复听完大乔小乔这张《渔樵问答》的专辑，也不知为何，想的不是渔夫樵子，却是陶弘景《诏问山中何所有赋诗以答》当年陶弘景以白云为重，婉谢梁武帝的出仕之邀。','渔樵问答',51,100),(96,'陶喆',5,'2003-08-08 00:00:00',6,'','img/lzl.jpg','《陶喆：乐之路》音乐、披头士是陶喆永远的最爱，节奏布鲁斯的黑人灵歌曲风是他的拿手好戏。陶喆虽然长在美国，但他说自己骨子里很中国。陶喆的音乐才华，不但让他奖遍天下无敌手，更让众多女歌星争相邀歌。\r\n<br>无尽想象自由，无眼音乐漫海。用耳朵探索3位1体ULTRA500ND超时空旅程；用心体会陶喆6年乐之路心情点滴。','樂之路',35,100),(97,'李宇春',2,'2012-09-04 00:00:00',1,'','img/zbfkjll.jpg','李宇春 ChrisLee\r\n<br>再不疯狂我们就老了\r\n<br>李宇春出道7年有话要说  2012年度大碟破戒上市\r\n<br>这是2012李宇春的态度。','再不疯狂我们就老了',88,100),(98,'赵雷',1,'2011-08-07 00:00:00',5,'','img/zxl.jpg','一年来 我天上一会地下一晃 刺激\r\n<br>回归地面 我定位自己是个活人\r\n<br>辗转过后 抹去泪水 抑制住傲慢的笑 堵上耳朵\r\n>br>细品 风雨阳光 一个味道 找寻最关键的意义吧\r\n<br>平静且疯狂的“生子”是我暂时的使命 费劲 执着 自豪 不自由 \r\n','赵小雷',54,100),(99,'梁晓雪',1,'2012-12-21 00:00:00',5,'','img/zhhsbs.jpg','梁晓雪首张中文创作EP\r\n*「最好还是不说」\r\n*这更像是一种表达……\r\n*2012年 梁晓雪尝试中文创作','最好还是不说',50,100),(100,'左麟右李',6,'2014-05-20 00:00:00',1,'mp3/zuolinyouli.mp3','img/zlyl.jpg,img/zlyl_small001.jpg,img/zlyl_big001.jpg,img/zlyl_small002.jpg,img/zlyl_big002.jpg,img/zlyl_small003.jpg,img/zlyl_big003.jpg','万众期待《左麟右李十周年:男人的歌》\r\n<br>展现新的魅力印证过去十载情\r\n<br>〈男人的歌〉不嫌多又唱又跳俘虏乐迷的心\r\n','左麟右李 十周年:男人的歌',80,100),(102,'筷子兄弟',1,'2014-06-17 00:00:00',1,'mp3/小苹果.mp3','img/1.jpg,img/2.jpg,img/3.jpg,img/4.jpg,img/5.jpg,img/6.jpg,img/7.jpg','《小苹果》由筷子兄弟创作，音乐风格以全新的复古电音节奏与朗\r\n朗上口的歌词为主。词曲作者王太利表示，“筷子兄弟”一直想在音乐中加入多样化的元素，小时候常听“荷东”“猛士”等迪斯科舞曲，此次用复古节奏搭配神曲元素，是对流行的一种致敬，也是“老男孩”对青春的一种怀念。“小苹果”取名原因是“苹果是人们最爱吃的水果之一，用苹果比喻珍爱的人和物十分贴切，这首歌也跟片中一段美丽的爱情有关[3] 。”','小苹果',5,10020);

/*Table structure for table `t_group` */

DROP TABLE IF EXISTS `t_group`;

CREATE TABLE `t_group` (
  `id` int(11) NOT NULL AUTO_INCREMENT,
  `name` varchar(255) DEFAULT NULL,
  PRIMARY KEY (`id`)
) ENGINE=InnoDB DEFAULT CHARSET=utf8;

/*Data for the table `t_group` */

/*Table structure for table `t_order` */

DROP TABLE IF EXISTS `t_order`;

CREATE TABLE `t_order` (
  `id` int(11) NOT NULL AUTO_INCREMENT,
  `address` varchar(255) COLLATE utf8_bin DEFAULT NULL,
  `buyDate` datetime DEFAULT NULL,
  `confirmDate` datetime DEFAULT NULL,
  `payDate` datetime DEFAULT NULL,
  `price` double NOT NULL,
  `status` int(11) NOT NULL,
  `uid` int(11) DEFAULT NULL,
  PRIMARY KEY (`id`),
  KEY `FKA0C0C3C326B72EE7` (`uid`)
) ENGINE=MyISAM AUTO_INCREMENT=5 DEFAULT CHARSET=utf8 COLLATE=utf8_bin;

/*Data for the table `t_order` */

insert  into `t_order`(`id`,`address`,`buyDate`,`confirmDate`,`payDate`,`price`,`status`,`uid`) values (1,'曹安公路4800号同济大学','2014-06-13 04:57:27',NULL,NULL,330,2,2),(2,'曹安公路4800号同济大学','2014-06-13 04:58:14',NULL,NULL,430,2,2),(3,'曹安公路4800号同济大学','2014-06-13 05:05:12',NULL,NULL,427,1,2),(4,NULL,'2014-06-16 15:41:37',NULL,NULL,69,1,5);

/*Table structure for table `t_user` */

DROP TABLE IF EXISTS `t_user`;

CREATE TABLE `t_user` (
  `id` int(11) NOT NULL AUTO_INCREMENT,
  `address` varchar(255) COLLATE utf8_bin DEFAULT NULL,
  `email` varchar(255) COLLATE utf8_bin DEFAULT NULL,
  `fax` varchar(255) COLLATE utf8_bin DEFAULT NULL,
  `password` varchar(255) COLLATE utf8_bin DEFAULT NULL,
  `phone` varchar(255) COLLATE utf8_bin DEFAULT NULL,
  `statu` int(11) NOT NULL DEFAULT '0',
  `type` int(11) NOT NULL DEFAULT '0',
  `username` varchar(255) COLLATE utf8_bin DEFAULT NULL,
  `recipient` varchar(255) COLLATE utf8_bin DEFAULT NULL,
  PRIMARY KEY (`id`)
) ENGINE=MyISAM AUTO_INCREMENT=6 DEFAULT CHARSET=utf8 COLLATE=utf8_bin;

/*Data for the table `t_user` */

insert  into `t_user`(`id`,`address`,`email`,`fax`,`password`,`phone`,`statu`,`type`,`username`,`recipient`) values (2,'曹安公路4800号同济大学','zhaosoap@foxmail.com','624000','123','188178750xx',0,1,'zp','赵鹏'),(3,'上海市嘉定区曹安公路4800号 同济大学嘉定校区','fc123@foxmail.com',NULL,'123','158009032xx',0,1,'fc','方程'),(4,'上海市嘉定区曹安公路4800号 同济大学嘉定校区','lihanyang@qq.com',NULL,'123','189818919xx',0,1,'lhy','李寒阳'),(5,NULL,'zhaosoap@foxmail.com','3621','123','188178750xx',0,0,'zdy',NULL);

/*!40101 SET SQL_MODE=@OLD_SQL_MODE */;
/*!40014 SET FOREIGN_KEY_CHECKS=@OLD_FOREIGN_KEY_CHECKS */;
/*!40014 SET UNIQUE_CHECKS=@OLD_UNIQUE_CHECKS */;
/*!40111 SET SQL_NOTES=@OLD_SQL_NOTES */;
